camera_id,timestamp,car_count,truck_count,bus_count,motorcycle_count,road_area_pixels,vectors_chao_score,congestion_score
587ee2aeb807da0011e33d52,2025-11-26 16:17:47,4,0,0,15,40307,"0,3539232558","0,2177559055"
587ee2aeb807da0011e33d52,2025-11-26 16:18:08,5,0,0,8,41833,"0,3238673494","0,1877165354"
587ee2aeb807da0011e33d52,2025-11-26 16:19:52,1,0,0,10,44569,"0,255370306","0,1338582677"
587ee2aeb807da0011e33d52,2025-11-26 16:20:14,5,0,0,15,22413,"0,5704225357","0,57"
587ee2aeb807da0011e33d52,2025-11-26 16:20:36,7,0,0,8,28926,"0,4272583308","0,4417913386"
587ee2aeb807da0011e33d52,2025-11-26 16:20:57,3,0,0,11,41012,"0,2526649013","0,2038779528"
587ee2aeb807da0011e33d52,2025-11-26 16:21:20,2,0,0,8,47813,"0,5722581938","0,07"
587ee2aeb807da0011e33d52,2025-11-27 07:25:59,2,0,0,13,42226,"0,425156818","0,3596529404"
587ee2aeb807da0011e33d52,2025-11-27 07:26:17,6,0,0,24,45373,"0,4393674922","0,3033094615"
587ee2aeb807da0011e33d52,2025-11-27 07:26:35,8,0,0,26,40477,"0,4239957811","0,390966809"
587ee2aeb807da0011e33d52,2025-11-27 07:26:54,2,0,0,9,45560,"0,2217409208","0,2999614378"
587ee2aeb807da0011e33d52,2025-11-27 07:27:12,5,0,0,8,39957,"0,4620534631","0,4002768214"
587ee2aeb807da0011e33d52,2025-11-27 07:27:30,4,0,1,19,31464,"0,5089898782","0,5523343892"
587ee2aeb807da0011e33d52,2025-11-27 07:27:49,4,0,0,13,41195,"0,3039209234","0,3781118303"
587ee2aeb807da0011e33d52,2025-11-27 07:28:08,3,0,0,15,45669,"0,3101292676","0,298009916"
587ee2aeb807da0011e33d52,2025-11-27 07:28:25,4,0,0,10,44554,"0,4311901042","0,317972731"
587ee2aeb807da0011e33d52,2025-11-27 07:28:43,4,0,0,19,37837,"0,3614887982","0,4382330258"
587ee2aeb807da0011e33d52,2025-11-27 07:29:08,5,0,0,19,38304,"0,468847901","0,4298719185"
587ee2aeb807da0011e33d52,2025-11-27 07:29:28,3,0,0,17,42316,"0,4430543548","0,3580415921"
587ee2aeb807da0011e33d52,2025-11-27 07:29:45,1,0,0,8,43424,"0,4141205717","0,3382041041"
587ee2aeb807da0011e33d52,2025-11-27 07:30:03,3,0,0,28,47045,"0,4845949759","0,2733741909"
587ee2aeb807da0011e33d52,2025-11-27 07:30:21,7,0,0,20,31018,"0,5020047568","0,5603195152"
587ee2aeb807da0011e33d52,2025-11-27 07:30:38,3,0,0,18,36996,"0,5854820049","0,4532901804"
587ee2aeb807da0011e33d52,2025-11-27 07:30:56,1,0,0,5,46800,"0,2616055642","0,277760639"
587ee2aeb807da0011e33d52,2025-11-27 07:31:14,5,0,1,14,26787,"0,5357941517","0,6360707891"
587ee2aeb807da0011e33d52,2025-11-27 07:31:31,3,0,0,15,36120,"0,4769210672","0,4689739705"
587ee2aeb807da0011e33d52,2025-11-27 07:31:49,2,0,0,8,43816,"0,385170946","0,3311857871"
587ee2aeb807da0011e33d52,2025-11-27 07:32:06,1,0,0,10,44761,"0,2776596848","0,3142666299"
587ee2aeb807da0011e33d52,2025-11-27 07:32:24,5,0,0,16,44494,"0,4777259464","0,3190469632"
587ee2aeb807da0011e33d52,2025-11-27 07:32:41,4,0,0,12,40592,"0,5965840877","0,3889078639"
587ee2aeb807da0011e33d52,2025-11-27 07:32:59,4,0,0,15,43940,"0,519791455","0,3289657072"
587ee2aeb807da0011e33d52,2025-11-27 07:33:17,2,0,0,10,42431,"0,4493565968","0,355982647"
587ee2aeb807da0011e33d52,2025-11-27 07:33:35,2,0,0,11,45367,"0,3217080524","0,3034168847"
587ee2aeb807da0011e33d52,2025-11-27 07:33:53,6,0,0,17,31901,"0,5456924324","0,544510398"
587ee2aeb807da0011e33d52,2025-11-27 07:34:12,1,1,1,15,44547,"0,4322582147","0,3180980581"
587ee2aeb807da0011e33d52,2025-11-27 07:34:30,3,0,0,13,41385,"0,2736564001","0,374710095"
587ee2aeb807da0011e33d52,2025-11-27 07:34:48,2,0,0,15,41732,"0,3206406088","0,3684974521"
587ee2aeb807da0011e33d52,2025-11-27 07:35:06,4,0,1,16,18748,"0,5164034408","0,78"
587ee2aeb807da0011e33d52,2025-11-27 07:35:24,7,0,0,15,26935,"0,2294850103","0,6334210164"
587ee2aeb807da0011e33d52,2025-11-27 07:35:42,3,0,0,7,42669,"0,3773310543","0,351721526"
587ee2aeb807da0011e33d52,2025-11-27 07:36:01,0,0,0,3,46646,"0,2723492065","0,280517835"
587ee2aeb807da0011e33d52,2025-11-27 07:36:18,5,0,0,8,37458,"0,4895753772","0,4450185925"
587ee2aeb807da0011e33d52,2025-11-27 07:36:37,4,0,0,15,40317,"0,4092363714","0,3938314282"
587ee2aeb807da0011e33d52,2025-11-27 07:36:55,2,0,0,9,42960,"0,528911726","0,3465114998"
587ee2aeb807da0011e33d52,2025-11-27 07:37:12,1,0,0,6,44448,"0,428342721","0,3198705412"
587ee2aeb807da0011e33d52,2025-11-27 07:37:30,3,0,0,9,45887,"0,3981568803","0,2941068723"
587ee2aeb807da0011e33d52,2025-11-27 07:37:51,2,0,0,15,40774,"0,4146921467","0,3856493596"
587ee2aeb807da0011e33d52,2025-11-27 07:38:09,1,0,0,16,43659,"0,4067422682","0,3339966947"
587ee2aeb807da0011e33d52,2025-11-27 07:38:26,0,0,0,10,45547,"0,4489115667","0,3001941881"
587ee2aeb807da0011e33d52,2025-11-27 07:38:44,4,0,0,12,28872,"0,4569313636","0,5987412202"
587ee2aeb807da0011e33d52,2025-11-27 07:39:01,4,0,0,18,36057,"0,4104964784","0,4701019143"
587ee2aeb807da0011e33d52,2025-11-27 07:39:19,4,0,0,24,43961,"0,3992365368","0,3285897259"
587ee2aeb807da0011e33d52,2025-11-27 07:40:20,5,0,0,12,35173,"0,3961707497","0,4859289354"
587ee2aeb807da0011e33d52,2025-11-27 07:40:38,3,0,0,13,41190,"0,325840264","0,3782013497"
587ee2aeb807da0011e33d52,2025-11-27 07:40:56,0,0,0,12,44416,"0,5270981871","0,3204434651"
587ee2aeb807da0011e33d52,2025-11-27 07:41:14,2,0,0,21,40437,"0,3150863954","0,3916829638"
587ee2aeb807da0011e33d52,2025-11-27 07:41:34,2,0,0,14,44621,"0,3268549386","0,3167731717"
587ee2aeb807da0011e33d52,2025-11-27 07:41:52,1,0,0,21,47373,"0,4541366305","0,2675017215"
587ee2aeb807da0011e33d52,2025-11-27 07:42:09,2,0,0,9,37746,"0,2790743779","0,4398622779"
587ee2aeb807da0011e33d52,2025-11-27 07:42:27,3,0,0,14,35499,"0,387021376","0,4800922738"
587ee2aeb807da0011e33d52,2025-11-27 07:42:45,3,0,0,10,41338,"0,3975305243","0,3755515769"
587ee2aeb807da0011e33d52,2025-11-27 07:43:03,3,0,0,16,47792,"0,3388771463","0,26"
587ee2aeb807da0011e33d52,2025-11-27 07:43:21,4,0,0,4,40485,"0,1985264637","0,390823578"
587ee2aeb807da0011e33d52,2025-11-27 07:43:39,3,0,0,15,45381,"0,4492997929","0,3031662305"
587ee2aeb807da0011e33d52,2025-11-27 07:43:57,10,0,0,12,26328,"0,4349188893","0,6442886655"
587ee2aeb807da0011e33d52,2025-11-27 07:44:17,3,0,1,24,42970,"0,3458758119","0,3463324611"
587ee2aeb807da0011e33d52,2025-11-27 07:44:35,0,0,0,13,41633,"0,4228817549","0,3702699353"
587ee2aeb807da0011e33d52,2025-11-27 07:44:53,0,0,0,9,43733,"0,4851038929","0,3326718083"
587ee2aeb807da0011e33d52,2025-11-27 07:45:11,3,0,0,22,42377,"0,4109977918","0,356949456"
587ee2aeb807da0011e33d52,2025-11-27 07:45:29,6,0,0,10,29525,"0,1468585551","0,5870499931"
587ee2aeb807da0011e33d52,2025-11-27 07:45:46,2,0,0,9,41298,"0,2837396268","0,3762677317"
587ee2aeb807da0011e33d52,2025-11-27 07:46:04,3,0,0,7,41845,"0,2201033811","0,3664743148"
587ee2aeb807da0011e33d52,2025-11-27 07:46:23,6,0,0,16,21247,"0,4985655402","0,7352582289"
587ee2aeb807da0011e33d52,2025-11-27 07:46:41,3,0,1,18,39282,"0,366295256","0,4123619336"
587ee2aeb807da0011e33d52,2025-11-27 07:46:59,5,0,0,13,39763,"0,5065123606","0,4037501722"
587ee2aeb807da0011e33d52,2025-11-27 07:47:17,2,0,0,8,41094,"0,3456768267","0,3799201212"
587ee2aeb807da0011e33d52,2025-11-27 07:47:36,9,1,0,14,26527,"0,4552419967","0,6407257953"
587ee2aeb807da0011e33d52,2025-11-27 07:47:54,8,0,0,5,19930,"0,4643055482","0,7588376257"
587ee2aeb807da0011e33d52,2025-11-27 07:48:11,2,0,0,11,43291,"0,1713252791","0,3405853188"
587ee2aeb807da0011e33d52,2025-11-27 07:48:29,4,0,0,8,36848,"0,1977952529","0,4559399532"
587ee2aeb807da0011e33d52,2025-11-27 07:48:47,3,0,0,21,33239,"0,5754422223","0,52055502"
587ee2aeb807da0011e33d52,2025-11-27 07:49:05,4,0,0,11,38674,"0,2963360339","0,4232474866"
587ee2aeb807da0011e33d52,2025-11-27 07:49:23,3,0,0,11,45934,"0,454898531","0,2932653904"
587ee2aeb807da0011e33d52,2025-11-27 07:49:41,3,1,0,7,36116,"0,2856212325","0,469045586"
587ee2aeb807da0011e33d52,2025-11-27 07:49:59,3,0,0,15,40025,"0,4523204501","0,3990593582"
587ee2aeb807da0011e33d52,2025-11-27 07:50:16,6,0,1,11,21537,"0,4252739379","0,7300661066"
587ee2aeb807da0011e33d52,2025-11-27 07:50:35,5,0,0,20,39400,"0,3647364935","0,410249277"
587ee2aeb807da0011e33d52,2025-11-27 07:50:53,5,0,0,7,37989,"0,3429907083","0,4355116375"
587ee2aeb807da0011e33d52,2025-11-27 07:51:11,1,0,0,16,42862,"0,4850836873","0,3482660791"
587ee2aeb807da0011e33d52,2025-11-27 07:51:29,4,0,0,18,42709,"0,5026318648","0,3510053712"
587ee2aeb807da0011e33d52,2025-11-27 07:51:47,4,0,0,15,42600,"0,4278421762","0,352956893"
587ee2aeb807da0011e33d52,2025-11-27 07:52:05,5,0,0,6,39266,"0,2963032179","0,4126483955"
587ee2aeb807da0011e33d52,2025-11-27 07:52:23,1,0,0,15,43295,"0,4544069347","0,3405137033"
587ee2aeb807da0011e33d52,2025-11-27 07:52:41,4,0,0,26,43197,"0,4770812239","0,3422682826"
587ee2aeb807da0011e33d52,2025-11-27 07:53:00,3,0,0,17,37147,"0,5157488229","0,450586696"
587ee2aeb807da0011e33d52,2025-11-27 07:53:18,4,0,0,4,37725,"0,3685720624","0,4402382592"
587ee2aeb807da0011e33d52,2025-11-27 07:53:36,3,0,0,5,44409,"0,2576833735","0,3205687922"
587ee2aeb807da0011e33d52,2025-11-27 07:53:54,6,0,0,14,29128,"0,3754444122","0,5941578295"
587ee2aeb807da0011e33d52,2025-11-27 07:54:12,8,0,0,11,35960,"0,4804544671","0,4718385897"
587ee2aeb807da0011e33d52,2025-11-27 07:54:29,2,0,0,12,41035,"0,2046484182","0,3809764495"
587ee2aeb807da0011e33d52,2025-11-27 07:54:47,2,0,0,9,40323,"0,2527848339","0,393724005"
587ee2aeb807da0011e33d52,2025-11-27 07:55:05,4,0,0,11,39570,"0,5160837321","0,4072056191"
587ee2aeb807da0011e33d52,2025-11-27 07:55:22,2,0,0,11,38710,"0,3063028172","0,4226029473"
587ee2aeb807da0011e33d52,2025-11-27 07:55:41,2,0,0,11,41224,"0,335149865","0,3775926181"
587ee2aeb807da0011e33d52,2025-11-27 07:56:00,2,0,0,6,39893,"0,1972785791","0,4014226691"
587ee2aeb807da0011e33d52,2025-11-27 07:56:18,5,0,0,15,34803,"0,477758155","0,4925533673"
587ee2aeb807da0011e33d52,2025-11-27 07:56:36,6,0,0,16,38960,"0,3657851668","0,4181269798"
587ee2aeb807da0011e33d52,2025-11-27 07:56:58,2,0,0,10,40298,"0,2669562843","0,3941716017"
587ee2aeb807da0011e33d52,2025-11-27 07:57:16,4,0,0,10,38769,"0,3929430667","0,4215466189"
587ee2aeb807da0011e33d52,2025-11-27 07:57:34,3,0,0,15,40263,"0,4151046233","0,3947982372"
587ee2aeb807da0011e33d52,2025-11-27 07:57:53,5,0,0,10,39585,"0,3257307562","0,406937061"
587ee2aeb807da0011e33d52,2025-11-27 07:58:10,0,0,0,15,41167,"0,302109632","0,3786131387"
587ee2aeb807da0011e33d52,2025-11-27 07:58:28,3,0,0,8,39003,"0,3324895111","0,4173571133"
587ee2aeb807da0011e33d52,2025-11-27 07:58:46,3,0,1,11,28176,"0,3468361289","0,6112023137"
587ee2aeb807da0011e33d52,2025-11-27 07:59:04,6,0,0,14,45421,"0,4155008187","0,3024500757"
587ee2aeb807da0011e33d52,2025-11-27 07:59:23,3,0,0,13,39991,"0,4505843823","0,3996680898"
587ee2aeb807da0011e33d52,2025-11-27 07:59:41,2,0,0,12,40579,"0,4187481353","0,3891406142"
587ee2aeb807da0011e33d52,2025-11-27 07:59:59,5,0,0,15,38066,"0,4712398365","0,4341330395"
587ee2aeb807da0011e33d52,2025-11-27 08:00:17,5,0,0,15,28464,"0,4732852181","0,5536937885"
587ee2aeb807da0011e33d52,2025-11-27 08:00:34,2,0,0,12,35922,"0,5020800057","0,4078763724"
587ee2aeb807da0011e33d52,2025-11-27 08:00:52,1,0,0,11,36375,"0,465851284","0,3990194014"
587ee2aeb807da0011e33d52,2025-11-27 08:01:10,3,0,0,18,40686,"0,4566128498","0,3147315386"
587ee2aeb807da0011e33d52,2025-11-27 08:01:27,6,0,1,13,30486,"0,3161602497","0,5141600241"
587ee2aeb807da0011e33d52,2025-11-27 08:01:46,0,0,0,14,47577,"0,2207123065","0,18"
587ee2aeb807da0011e33d52,2025-11-27 08:02:03,3,0,0,16,41732,"0,2429919638","0,2942803429"
587ee2aeb807da0011e33d52,2025-11-27 08:02:22,1,0,0,7,42020,"0,3463185742","0,288649421"
587ee2aeb807da0011e33d52,2025-11-27 08:02:39,2,0,0,17,31889,"0,4128018633","0,4867288314"
587ee2aeb807da0011e33d52,2025-11-27 08:02:57,7,0,0,26,33792,"0,5238523922","0,4495217326"
587ee2aeb807da0011e33d52,2025-11-27 08:03:15,5,0,0,11,38447,"0,2365715969","0,3585080463"
587ee2aeb807da0011e33d52,2025-11-27 08:03:33,3,0,0,12,43243,"0,3477111667","0,2647375545"
587ee2aeb807da0011e33d52,2025-11-27 08:03:52,7,0,0,16,34321,"0,4820297648","0,4391788239"
587ee2aeb807da0011e33d52,2025-11-27 08:04:10,4,0,0,15,34693,"0,2040361395","0,4319055497"
587ee2aeb807da0011e33d52,2025-11-27 08:04:28,2,0,0,10,41444,"0,4088844423","0,2999112649"
587ee2aeb807da0011e33d52,2025-11-27 08:04:46,1,0,0,13,44467,"0,3816129179","0,2408061363"
587ee2aeb807da0011e33d52,2025-11-27 08:05:05,5,0,2,12,14332,"0,4703642183","0,83"
587ee2aeb807da0011e33d52,2025-11-27 08:05:23,5,0,0,9,38043,"0,4375808714","0,3664069785"
587ee2aeb807da0011e33d52,2025-11-27 08:05:41,0,0,0,12,41752,"0,4842338871","0,2938893067"
587ee2aeb807da0011e33d52,2025-11-27 08:05:59,4,0,0,9,37052,"0,3025267495","0,3857828245"
587ee2aeb807da0011e33d52,2025-11-27 08:06:19,6,0,0,13,31090,"0,3753129232","0,5023507294"
587ee2aeb807da0011e33d52,2025-11-27 08:06:38,4,0,0,13,44867,"0,4166724017","0,2329854113"
587ee2aeb807da0011e33d52,2025-11-27 08:06:56,1,0,0,14,43000,"0,3688123898","0,2694886449"
587ee2aeb807da0011e33d52,2025-11-27 08:07:14,0,0,0,6,44845,"0,3061510859","0,2334155512"
587ee2aeb807da0011e33d52,2025-11-27 08:07:32,6,0,0,15,40750,"0,3990395983","0,3134802226"
587ee2aeb807da0011e33d52,2025-11-27 08:07:50,3,0,0,20,32619,"0,4605345295","0,4724560084"
587ee2aeb807da0011e33d52,2025-11-27 08:08:09,2,0,0,16,40435,"0,5605387658","0,3196390435"
587ee2aeb807da0011e33d52,2025-11-27 08:08:27,1,0,0,10,41795,"0,266637653","0,2930485787"
587ee2aeb807da0011e33d52,2025-11-27 08:08:46,4,0,0,23,40484,"0,4215731655","0,3186810047"
587ee2aeb807da0011e33d52,2025-11-27 08:09:05,8,0,0,11,35482,"0,3758735334","0,4164791698"
587ee2aeb807da0011e33d52,2025-11-27 08:09:23,3,0,0,11,29633,"0,2343019614","0,53083772"
587ee2aeb807da0011e33d52,2025-11-27 08:09:41,4,0,0,4,42110,"0,3475123767","0,2868897579"
587ee2aeb807da0011e33d52,2025-11-27 08:10:00,4,0,0,14,33540,"0,4344408368","0,4544487893"
587ee2aeb807da0011e33d52,2025-11-27 08:10:19,6,0,0,11,35741,"0,3736769159","0,4114152504"
587ee2aeb807da0011e33d52,2025-11-27 08:10:39,4,0,0,8,43152,"0,4844780614","0,2665167694"
587ee2aeb807da0011e33d52,2025-11-27 08:10:59,7,0,0,4,37117,"0,3641898958","0,3845119567"
587ee2aeb807da0011e33d52,2025-11-27 08:11:17,2,0,0,8,42500,"0,2795775488","0,2792645511"
587ee2aeb807da0011e33d52,2025-11-27 08:11:35,5,0,0,19,42469,"0,4292487635","0,2798706572"
587ee2aeb807da0011e33d52,2025-11-27 08:11:55,1,0,0,16,30672,"0,4588554402","0,510523387"
587ee2aeb807da0011e33d52,2025-11-27 08:12:16,4,0,0,15,38600,"0,3948417128","0,355516619"
587ee2aeb807da0011e33d52,2025-11-27 08:12:34,4,0,0,17,35029,"0,5265550398","0,4253361408"
587ee2aeb807da0011e33d52,2025-11-27 08:12:52,2,0,0,14,40091,"0,4860084204","0,3263648669"
587ee2aeb807da0011e33d52,2025-11-27 08:13:12,2,0,0,14,38434,"0,3202355293","0,3587622199"
587ee2aeb807da0011e33d52,2025-11-27 08:13:32,1,0,0,10,44018,"0,5060980657","0,2495849"
587ee2aeb807da0011e33d52,2025-11-27 08:13:51,0,0,0,16,40983,"0,4504849274","0,3089246503"
587ee2aeb807da0011e33d52,2025-11-27 08:14:09,2,0,0,20,43233,"0,3486957785","0,2649330726"
587ee2aeb807da0011e33d52,2025-11-27 08:14:28,0,0,0,21,44102,"0,3905593012","0,2479425478"
587ee2aeb807da0011e33d52,2025-11-27 08:14:47,0,0,0,5,44915,"0,5410379209","0,2320469243"
587ee2aeb807da0011e33d52,2025-11-27 08:15:06,6,0,0,17,36871,"0,4289207291","0,3893217025"
587ee2aeb807da0011e33d52,2025-11-27 08:15:25,4,0,0,8,44234,"0,5315093495","0,2453617085"
587ee2aeb807da0011e33d52,2025-11-27 08:15:44,1,0,0,13,43454,"0,3244025198","0,2606121221"
587ee2aeb807da0011e33d52,2025-11-27 08:16:02,0,0,0,5,45431,"0,1658654865","0,2219581892"
587ee2aeb807da0011e33d52,2025-11-27 08:16:20,5,0,0,14,43664,"0,4795846841","0,2565062415"
587ee2aeb807da0011e33d52,2025-11-27 08:16:40,5,1,0,11,33592,"0,497054921","0,4534320951"
587ee2aeb807da0011e33d52,2025-11-27 08:17:00,1,0,0,14,43607,"0,5273188311","0,2576206948"
587ee2aeb807da0011e33d52,2025-11-27 08:17:18,1,0,0,6,43922,"0,3734836487","0,251461874"
587ee2aeb807da0011e33d52,2025-11-27 08:17:37,3,0,0,19,37150,"0,4121815435","0,3838667469"
587ee2aeb807da0011e33d52,2025-11-27 08:17:55,8,0,0,10,34433,"0,5337629435","0,4369890209"
587ee2aeb807da0011e33d52,2025-11-27 08:18:13,4,0,0,11,42428,"0,2925591653","0,2806722815"
587ee2aeb807da0011e33d52,2025-11-27 08:18:31,2,0,0,5,46153,"0,2551614231","0,2078417807"
587ee2aeb807da0011e33d52,2025-11-27 08:18:49,4,0,0,13,34251,"0,433350339","0,4405474507"
587ee2aeb807da0011e33d52,2025-11-27 08:19:08,5,0,0,16,24817,"0,5388954305","0,624999248"
587ee2aeb807da0011e33d52,2025-11-27 08:19:26,1,0,0,13,42982,"0,4890293736","0,2698405775"
587ee2aeb807da0011e33d52,2025-11-27 08:19:49,0,0,0,9,43706,"0,552141786","0,2556850654"
587ee2aeb807da0011e33d52,2025-11-27 08:20:10,7,0,0,16,31087,"0,4461167383","0,5024093849"
587ee2aeb807da0011e33d52,2025-11-27 08:20:30,6,0,0,12,42039,"0,4633845243","0,2882779365"
587ee2aeb807da0011e33d52,2025-11-27 08:20:52,1,0,0,10,40245,"0,2622028016","0,3233538878"
587ee2aeb807da0011e33d52,2025-11-27 08:21:13,3,0,0,15,39895,"0,508957665","0,3301970221"
587ee2aeb807da0011e33d52,2025-11-27 08:21:34,6,0,0,20,31962,"0,3954385091","0,4853015491"
587ee2aeb807da0011e33d52,2025-11-27 08:21:53,1,0,0,11,40957,"0,3410911297","0,3094329974"
587ee2aeb807da0011e33d52,2025-11-27 08:22:13,3,0,0,7,40518,"0,3434907021","0,318016243"
587ee2aeb807da0011e33d52,2025-11-27 08:22:34,6,0,0,14,35632,"0,4515543927","0,413546398"
587ee2aeb807da0011e33d52,2025-11-27 08:22:53,2,0,0,10,45502,"0,4328850435","0,2205700105"
587ee2aeb807da0011e33d52,2025-11-27 08:23:11,0,0,0,18,45029,"0,4097390753","0,2298180177"
587ee2aeb807da0011e33d52,2025-11-27 08:23:30,0,0,0,6,46564,"0,2759001073","0,1998059859"
587ee2aeb807da0011e33d52,2025-11-27 08:23:50,4,0,0,13,38447,"0,4906325523","0,3585080463"
587ee2aeb807da0011e33d52,2025-11-27 08:24:10,7,0,0,12,35973,"0,5163364494","0,40687923"
587ee2aeb807da0011e33d52,2025-11-27 08:24:28,2,0,0,11,42477,"0,5512501684","0,2797142427"
587ee2aeb807da0011e33d52,2025-11-27 08:24:48,0,0,0,7,46211,"0,5148757698","0,2067077756"
587ee2aeb807da0011e33d52,2025-11-27 08:25:09,4,0,0,9,41407,"0,6244457679","0,3006346819"
587ee2aeb807da0011e33d52,2025-11-27 08:25:27,7,0,0,14,42569,"0,4639732357","0,277915476"
587ee2aeb807da0011e33d52,2025-11-27 08:25:46,3,0,0,12,42184,"0,3412499199","0,2854429237"
587ee2aeb807da0011e33d52,2025-11-27 08:26:05,1,0,0,11,43311,"0,583317412","0,2634080313"
587ee2aeb807da0011e33d52,2025-11-27 08:26:23,5,0,0,14,44266,"0,4914349854","0,2447360505"
587ee2aeb807da0011e33d52,2025-11-27 08:26:42,4,0,1,11,32841,"0,3551112608","0,4681155061"
587ee2aeb807da0011e33d52,2025-11-27 08:27:01,3,0,0,10,42355,"0,4631613422","0,2820995638"
587ee2aeb807da0011e33d52,2025-11-27 08:27:20,3,0,0,4,44454,"0,2457349258","0,2410603098"
587ee2aeb807da0011e33d52,2025-11-27 08:27:38,8,0,1,9,32321,"0,3171016976","0,4782824485"
587ee2aeb807da0011e33d52,2025-11-27 08:27:56,1,0,0,12,45906,"0,4383478556","0,2126710784"
587ee2aeb807da0011e33d52,2025-11-27 08:28:14,2,0,0,9,41201,"0,3338693172","0,3046623552"
587ee2aeb807da0011e33d52,2025-11-27 08:28:34,2,0,0,16,43969,"0,4988566783","0,2505429388"
587ee2aeb807da0011e33d52,2025-11-27 08:28:53,3,0,0,15,43550,"0,3817082833","0,2587351481"
587ee2aeb807da0011e33d52,2025-11-27 08:29:11,4,0,0,17,43356,"0,4456257989","0,2625281997"
587ee2aeb807da0011e33d52,2025-11-27 08:29:30,2,0,0,12,43103,"0,2956460851","0,2674748082"
587ee2aeb807da0011e33d52,2025-11-27 08:29:49,2,0,0,13,45804,"0,5735812301","0,2146653632"
587ee2aeb807da0011e33d52,2025-11-27 08:30:07,6,0,1,5,32605,"0,3916952867","0,4727297338"
587ee2aeb807da0011e33d52,2025-11-27 08:30:25,6,0,0,15,33034,"0,4686883399","0,4643420063"
587ee2aeb807da0011e33d52,2025-11-27 08:30:43,4,0,0,8,39851,"0,5832014034","0,3310573018"
587ee2aeb807da0011e33d52,2025-11-27 08:31:01,3,0,0,6,40980,"0,2051338673","0,3089833058"
587ee2aeb807da0011e33d52,2025-11-27 08:31:19,5,0,0,14,37673,"0,4443505075","0,373641149"
587ee2aeb807da0011e33d52,2025-11-27 08:31:37,6,0,0,7,40341,"0,5078635564","0,3214769138"
587ee2aeb807da0011e33d52,2025-11-27 08:32:00,4,0,0,11,35244,"0,5148196708","0,4211325011"
587ee2aeb807da0011e33d52,2025-11-27 08:32:19,3,0,0,4,45507,"0,2577990562","0,2204722515"
587ee2aeb807da0011e33d52,2025-11-27 08:32:38,3,0,0,18,40718,"0,3910766503","0,3141058806"
587ee2aeb807da0011e33d52,2025-11-27 08:32:56,9,0,0,9,22167,"0,357441626","0,6768115506"
587ee2aeb807da0011e33d52,2025-11-27 08:33:15,3,0,0,10,42290,"0,4111384596","0,2833704316"
587ee2aeb807da0011e33d52,2025-11-27 08:33:33,1,0,0,9,44928,"0,5334949795","0,2317927508"
587ee2aeb807da0011e33d52,2025-11-27 08:33:53,6,0,0,6,37656,"0,3425450097","0,3739735299"
587ee2aeb807da0011e33d52,2025-11-27 08:34:13,2,0,0,9,46822,"0,5056571554","0,1947616183"
587ee2aeb807da0011e33d52,2025-11-27 08:34:33,6,0,0,13,42265,"0,4578978907","0,283859227"
587ee2aeb807da0011e33d52,2025-11-27 08:34:51,3,0,0,16,40856,"0,5720420527","0,3114077305"
587ee2aeb807da0011e33d52,2025-11-27 08:35:10,9,0,0,5,34945,"0,3469125411","0,426978493"
587ee2aeb807da0011e33d52,2025-12-01 11:21:10,2,0,0,16,62384,"0,3461019371","0,07441995865"
587ee2aeb807da0011e33d52,2025-12-01 11:21:29,6,0,0,8,52089,"0,2490765222","0,1696506693"
587ee2aeb807da0011e33d52,2025-12-01 11:21:46,1,0,0,8,61481,"0,2214161857","0,08277288062"
587ee2aeb807da0011e33d52,2025-12-01 11:22:03,2,0,0,15,57459,"0,3801040153","0,1199771466"
587ee2aeb807da0011e33d52,2025-12-01 11:22:20,4,0,2,14,55965,"0,4282852699","0,1337969311"
587ee2aeb807da0011e33d52,2025-12-01 11:22:37,3,0,1,16,63461,"0,5019166756","0,06445750354"
587ee2aeb807da0011e33d52,2025-12-01 11:22:54,2,1,0,10,61697,"0,305042172","0,08077483948"
587ee2aeb807da0011e33d52,2025-12-01 11:23:11,4,0,0,10,63578,"0,3839969762","0,06337523125"
587ee2aeb807da0011e33d52,2025-12-01 11:23:28,1,0,0,4,64172,"0,230903351","0,05788061813"
587ee2aeb807da0011e33d52,2025-12-01 11:23:46,7,1,1,10,57321,"0,4144264541","0,1212536729"
587ee2aeb807da0011e33d52,2025-12-01 11:24:03,7,1,1,12,53975,"0,3936627737","0,1522048101"
587ee2aeb807da0011e33d52,2025-12-01 11:24:20,0,0,0,4,66105,"0,1285409706","0,04"
587ee2aeb807da0011e33d52,2025-12-01 11:24:37,1,0,0,8,63580,"0,4449239211","0,06335673087"
587ee2aeb807da0011e33d52,2025-12-01 11:24:54,4,0,0,19,55587,"0,5519680716","0,1372935031"
587ee2aeb807da0011e33d52,2025-12-01 11:25:11,4,0,1,15,50947,"0,5033869677","0,1802143868"
587ee2aeb807da0011e33d52,2025-12-01 11:25:28,0,0,0,7,65231,"0,2852323381","0,04808466645"
587ee2aeb807da0011e33d52,2025-12-01 11:25:45,4,0,1,6,63256,"0,4491937267","0,06635379258"
587ee2aeb807da0011e33d52,2025-12-01 11:26:02,4,0,0,22,59890,"0,4649859035","0,09748993362"
587ee2aeb807da0011e33d52,2025-12-01 11:26:19,2,0,0,22,57534,"0,4367175133","0,1192833823"
587ee2aeb807da0011e33d52,2025-12-01 11:26:36,3,0,1,7,65488,"0,5622998515","0,0457073675"
587ee2aeb807da0011e33d52,2025-12-01 11:26:54,3,0,0,7,60654,"0,3876620996","0,09042278812"
587ee2aeb807da0011e33d52,2025-12-01 11:27:11,3,0,1,6,62690,"0,3104499199","0,07158940037"
587ee2aeb807da0011e33d52,2025-12-01 11:27:28,7,0,0,16,54291,"0,6070238716","0,1492817499"
587ee2aeb807da0011e33d52,2025-12-01 11:27:45,7,1,1,34,48790,"0,3958302434","0,2001670476"
587ee2aeb807da0011e33d52,2025-12-01 11:28:02,4,0,1,15,55523,"0,3270975556","0,1378855153"
587ee2aeb807da0011e33d52,2025-12-01 11:28:19,6,0,0,5,55524,"0,3884737412","0,1378762651"
587ee2aeb807da0011e33d52,2025-12-01 11:28:36,5,0,1,13,57186,"0,520664311","0,1225024486"
587ee2aeb807da0011e33d52,2025-12-01 11:28:54,5,1,0,10,56042,"0,3813084578","0,1330846664"
587ee2aeb807da0011e33d52,2025-12-01 11:29:11,8,1,0,7,58047,"0,4969128997","0,1145380346"
587ee2aeb807da0011e33d52,2025-12-01 11:29:27,2,0,1,16,59255,"0,3629966626","0,1033638045"
587ee2aeb807da0011e33d52,2025-12-01 11:29:44,1,0,0,12,63533,"0,2912981101","0,06379148982"
587ee2aeb807da0011e33d52,2025-12-01 11:30:01,8,0,0,5,52616,"0,3769135201","0,1647758189"
587ee2aeb807da0011e33d52,2025-12-01 11:30:18,3,1,2,5,47727,"0,3150175123","0,21"
587ee2aeb807da0011e33d52,2025-12-01 11:30:35,5,0,0,19,59699,"0,2750683462","0,09925671999"
587ee2aeb807da0011e33d52,2025-12-01 11:30:52,6,1,1,5,55584,"0,4534211652","0,1373212537"
587ee2aeb807da0011e33d52,2025-12-01 11:31:09,3,0,3,8,56762,"0,4095688289","0,1264245293"
587ee2aeb807da0011e33d52,2025-12-01 11:31:26,6,0,1,12,56709,"0,230991289","0,1269147894"
587ee2aeb807da0011e33d52,2025-12-01 12:24:46,2,0,0,22,58840,"0,4643719142","0,1138733543"
587ee2aeb807da0011e33d52,2025-12-01 12:25:05,4,0,1,6,56618,"0,3579414899","0,1433092162"
587ee2aeb807da0011e33d52,2025-12-01 12:25:22,1,0,0,9,65042,"0,2845812269","0,0317125912"
587ee2aeb807da0011e33d52,2025-12-01 12:25:39,3,0,0,16,59015,"0,2686551846","0,1115550483"
587ee2aeb807da0011e33d52,2025-12-01 12:25:57,4,0,0,5,59812,"0,2105544996","0,1009968206"
587ee2aeb807da0011e33d52,2025-12-01 12:26:14,10,0,0,14,56978,"0,4676511091","0,1385401296"
587ee2aeb807da0011e33d52,2025-12-01 12:26:31,5,0,2,8,40074,"0,3429962002","0,3624752374"
587ee2aeb807da0011e33d52,2025-12-01 12:26:48,1,0,0,13,65191,"0,5167285469","0,02973871928"
587ee2aeb807da0011e33d52,2025-12-01 12:27:05,6,0,0,10,57732,"0,342219968","0,1285515428"
587ee2aeb807da0011e33d52,2025-12-01 12:27:22,3,1,0,18,55632,"0,4223679948","0,1563712143"
587ee2aeb807da0011e33d52,2025-12-01 12:27:39,4,0,0,26,56011,"0,4685421892","0,151350426"
587ee2aeb807da0011e33d52,2025-12-01 12:27:56,1,1,0,9,63394,"0,5982465072","0,05354440957"
587ee2aeb807da0011e33d52,2025-12-01 12:28:13,4,0,0,11,60431,"0,4743991989","0,09279664126"
587ee2aeb807da0011e33d52,2025-12-01 12:28:30,2,0,0,17,62866,"0,2678276548","0,06053906982"
587ee2aeb807da0011e33d52,2025-12-01 12:28:48,7,0,3,8,44999,"0,4988592734","0,2972314841"
587ee2aeb807da0011e33d52,2025-12-01 12:29:06,8,0,1,11,51032,"0,5033101549","0,2173095422"
587ee2aeb807da0011e33d52,2025-12-01 12:29:23,2,0,0,17,61744,"0,4779471406","0,07540272286"
587ee2aeb807da0011e33d52,2025-12-01 12:29:40,3,0,1,5,64106,"0,4052441157","0,0441122162"
587ee2aeb807da0011e33d52,2025-12-01 12:29:57,4,1,0,18,58655,"0,5041612467","0,1163241348"
587ee2aeb807da0011e33d52,2025-12-01 12:30:14,4,0,2,1,50156,"0,3210231586","0,2289143195"
587ee2aeb807da0011e33d52,2025-12-01 12:30:33,1,0,0,13,60267,"0,2540294466","0,09496922513"
587ee2aeb807da0011e33d52,2025-12-01 12:30:51,5,0,2,5,59069,"0,4706525179","0,1108396853"
587ee2aeb807da0011e33d52,2025-12-01 12:31:08,3,0,1,5,60418,"0,3025818849","0,09296885827"
587ee2aeb807da0011e33d52,2025-12-01 12:31:26,3,1,2,11,61004,"0,3766667885","0,08520584519"
587ee2aeb807da0011e33d52,2025-12-01 12:31:43,0,1,0,7,62505,"0,3743399383","0,06532140382"
587ee2aeb807da0011e33d52,2025-12-01 12:32:00,2,0,0,10,63941,"0,2287194523","0,04629804753"
587ee2aeb807da0011e33d52,2025-12-01 12:32:19,6,1,0,7,49793,"0,5301713071","0,2337231484"
587ee2aeb807da0011e33d52,2025-12-01 12:32:37,2,0,1,3,64438,"0,4083412793","0,03971405861"
587ee2aeb807da0011e33d52,2025-12-01 12:32:54,3,0,0,9,62498,"0,2386263547","0,06541413606"
587ee2aeb807da0011e33d52,2025-12-01 12:33:12,2,0,0,10,59662,"0,2811689183","0,10298394"
587ee2aeb807da0011e33d52,2025-12-01 12:33:29,4,1,1,22,40957,"0,3039333556","0,350777728"
587ee2aeb807da0011e33d52,2025-12-01 12:33:47,8,1,1,15,50462,"0,4813307743","0,2248605959"
587ee2aeb807da0011e33d52,2025-12-01 12:34:04,6,0,1,7,51606,"0,4300562657","0,2097054987"
587ee2aeb807da0011e33d52,2025-12-01 12:34:21,1,0,0,13,59999,"0,3736310652","0,0985195451"
587ee2aeb807da0011e33d52,2025-12-01 12:34:39,1,0,0,3,66681,"0,223610958","0,01"
587ee2aeb807da0011e33d52,2025-12-01 12:34:56,7,0,1,7,48058,"0,4156489569","0,256707496"
587ee2aeb807da0011e33d52,2025-12-01 12:35:13,7,0,1,10,53985,"0,4423402315","0,1781897852"
587ee2aeb807da0011e33d52,2025-12-01 12:35:31,4,0,0,12,59113,"0,63123767","0,110256797"
587ee2aeb807da0011e33d52,2025-12-01 12:35:49,4,0,0,4,62977,"0,4420031928","0,05906860148"
587ee2aeb807da0011e33d52,2025-12-01 12:36:06,4,0,1,22,55853,"0,4299923856","0,153443525"
587ee2aeb807da0011e33d52,2025-12-01 12:36:23,9,0,0,3,52656,"0,2046994881","0,195795663"
587ee2aeb807da0011e33d52,2025-12-01 12:36:39,5,0,0,6,65195,"0,4926727621","0,02968572943"
587ee2aeb807da0011e33d52,2025-12-01 12:36:56,5,1,1,8,52691,"0,5034421296","0,1953320018"
587ee2aeb807da0011e33d52,2025-12-01 12:37:13,1,0,0,25,59041,"0,4292438727","0,1112106143"
587ee2aeb807da0011e33d52,2025-12-01 12:37:31,3,0,1,3,62105,"0,4500164443","0,07062038886"
587ee2aeb807da0011e33d52,2025-12-01 12:37:48,3,0,0,11,64233,"0,4286927325","0,04242978845"
587ee2aeb807da0011e33d52,2025-12-01 12:38:05,1,0,1,14,58935,"0,4985549044","0,1126148453"
587ee2aeb807da0011e33d52,2025-12-01 12:38:22,3,1,1,6,63134,"0,5354234185","0,05698874985"
587ee2aeb807da0011e33d52,2025-12-01 12:38:39,7,0,1,7,49921,"0,4814068233","0,2320274732"
587ee2aeb807da0011e33d52,2025-12-01 12:38:56,5,0,0,8,55028,"0,4087917276","0,1643726817"
587ee2aeb807da0011e33d52,2025-12-01 12:39:13,5,1,1,9,56750,"0,4227166812","0,1415605511"
587ee2aeb807da0011e33d52,2025-12-01 12:39:30,2,0,1,3,61691,"0,2762592734","0,07610483838"
587ee2aeb807da0011e33d52,2025-12-01 12:39:47,0,0,2,8,61106,"0,336213832","0,083854604"
587ee2aeb807da0011e33d52,2025-12-01 12:40:04,6,0,2,4,51452,"0,5085787761","0,211745608"
587ee2aeb807da0011e33d52,2025-12-01 12:40:22,4,0,1,14,45472,"0,4591501178","0,2909654343"
587ee2aeb807da0011e33d52,2025-12-01 12:40:39,0,0,0,16,61448,"0,4067867794","0,07932397179"
587ee2aeb807da0011e33d52,2025-12-01 12:40:56,2,0,0,2,62704,"0,1509355178","0,06268515877"
587ee2aeb807da0011e33d52,2025-12-01 12:41:13,5,0,1,23,58707,"0,3918056295","0,1156352668"
587ee2aeb807da0011e33d52,2025-12-01 12:41:29,9,0,0,2,58242,"0,3710669057","0,1217953369"
587ee2aeb807da0011e33d52,2025-12-01 12:41:46,3,0,0,6,63986,"0,4891694438","0,04570191171"
587ee2aeb807da0011e33d52,2025-12-01 12:42:04,3,1,0,4,59351,"0,4978082529","0,1071039009"
587ee2aeb807da0011e33d52,2025-12-01 12:42:21,2,0,1,19,49780,"0,46054051","0,2338953654"
587ee2aeb807da0011e33d52,2025-12-01 12:42:39,6,0,0,1,60466,"0,5188394207","0,09233298007"
587ee2aeb807da0011e33d52,2025-12-01 12:42:56,7,0,2,11,51575,"0,5294029736","0,2101161701"
587ee2aeb807da0011e33d52,2025-12-01 12:43:13,3,0,0,3,56851,"0,3296350476","0,1402225574"
587ee2aeb807da0011e33d52,2025-12-01 12:43:30,3,0,1,3,59512,"0,3463450628","0,1049710594"
587ee2aeb807da0011e33d52,2025-12-01 12:43:47,8,1,0,9,57986,"0,569664831","0,1251866873"
587ee2aeb807da0011e33d52,2025-12-01 12:44:05,5,0,1,13,60649,"0,5001017669","0,08990869441"
587ee2aeb807da0011e33d52,2025-12-01 12:44:22,3,0,1,14,47417,"0,4127582402","0,2651991196"
587ee2aeb807da0011e33d52,2025-12-01 12:44:39,4,0,0,11,60876,"0,4256458027","0,0869015204"
587ee2aeb807da0011e33d52,2025-12-01 12:44:56,8,1,0,15,43572,"0,4930327093","0,3161356133"
587ee2aeb807da0011e33d52,2025-12-01 12:45:13,7,0,0,7,56642,"0,4306413415","0,1429912771"
587ee2aeb807da0011e33d52,2025-12-01 12:45:30,1,0,1,14,62181,"0,5993597873","0,06961358171"
587ee2aeb807da0011e33d52,2025-12-01 12:45:48,4,0,1,6,62488,"0,2812514873","0,06554661069"
587ee2aeb807da0011e33d52,2025-12-01 12:46:05,5,0,0,8,60025,"0,5165693427","0,09817511107"
587ee2aeb807da0011e33d52,2025-12-01 12:46:22,7,0,2,12,54985,"0,3399753376","0,1649423226"
587ee2aeb807da0011e33d52,2025-12-01 12:46:39,2,1,1,19,61509,"0,4693465111","0,07851587657"
587ee2aeb807da0011e33d52,2025-12-01 12:46:57,4,0,1,6,59457,"0,4355748829","0,1056996698"
587ee2aeb807da0011e33d52,2025-12-01 12:47:14,4,0,0,3,61605,"0,2126561211","0,07724412016"
587ee2aeb807da0011e33d52,2025-12-01 12:47:32,10,0,0,10,47243,"0,4266927966","0,267504178"
587ee2aeb807da0011e33d52,2025-12-01 12:47:49,5,0,0,10,56016,"0,2762042826","0,1512841886"
587ee2aeb807da0011e33d52,2025-12-01 12:48:06,1,0,0,8,63091,"0,4977604941","0,05755839074"
587ee2aeb807da0011e33d52,2025-12-01 12:48:23,6,0,0,0,61117,"0,1881815659","0,08370888191"
587ee2aeb807da0011e33d52,2025-12-01 12:48:40,3,1,2,22,52328,"0,5847731491","0,2001408307"
587ee2aeb807da0011e33d52,2025-12-01 12:48:57,2,1,7,15,38737,"0,379177143","0,3801870949"
587ee2aeb807da0011e33d52,2025-12-01 12:49:14,3,0,0,13,58494,"0,518835829","0,1184569763"
587ee2aeb807da0011e33d52,2025-12-01 12:49:31,7,0,0,9,51162,"0,643637771","0,2155873721"
587ee2aeb807da0011e33d52,2025-12-01 12:49:49,3,0,1,14,61233,"0,4115622856","0,08217217625"
587ee2aeb807da0011e33d52,2025-12-01 12:50:06,6,1,0,9,46592,"0,5123031319","0,2761282762"
587ee2aeb807da0011e33d52,2025-12-01 12:50:23,5,1,1,18,48674,"0,4160568853","0,2485470591"
587ee2aeb807da0011e33d52,2025-12-01 12:50:40,5,0,0,24,52870,"0,5242718815","0,192960706"
587ee2aeb807da0011e33d52,2025-12-01 12:50:57,7,0,0,3,58288,"0,4563524715","0,1211859536"
587ee2aeb807da0011e33d52,2025-12-01 12:51:14,7,0,1,12,52873,"0,4562871064","0,1929209636"
587ee2aeb807da0011e33d52,2025-12-01 12:51:32,7,0,0,17,49842,"0,549511857","0,2330740227"
587ee2aeb807da0011e33d52,2025-12-01 12:51:49,6,0,1,14,55552,"0,5161763392","0,1574310113"
587ee2aeb807da0011e33d52,2025-12-01 12:52:06,1,0,1,6,63519,"0,3266704481","0,05188847675"
587ee2aeb807da0011e33d52,2025-12-01 12:52:23,3,0,2,23,60306,"0,5131295951","0,09445257408"
587ee2aeb807da0011e33d52,2025-12-01 12:52:41,3,0,2,15,43879,"0,470298944","0,3120686422"
587ee2aeb807da0011e33d52,2025-12-01 12:52:58,4,1,0,17,57666,"0,3068425952","0,1294258754"
587ee2aeb807da0011e33d52,2025-12-01 12:53:15,3,0,0,3,65218,"0,4654276067","0,02938103779"
587ee2aeb807da0011e33d52,2025-12-01 12:53:32,4,0,0,17,52291,"0,4213586247","0,2006309868"
587ee2aeb807da0011e33d52,2025-12-01 12:53:49,5,0,1,12,51843,"0,3103246089","0,2065658501"
587ee2aeb807da0011e33d52,2025-12-01 12:54:06,1,0,0,10,64102,"0,2134038081","0,04416520605"
587ee2aeb807da0011e33d52,2025-12-01 12:54:23,2,0,0,15,56897,"0,4650300648","0,1396131741"
587ee2aeb807da0011e33d52,2025-12-01 12:54:40,1,0,1,12,62690,"0,3680451492","0,06287062324"
587ee2aeb807da0011e33d52,2025-12-01 12:54:57,3,0,1,6,55137,"0,2701997502","0,1629287083"
587ee2aeb807da0011e33d52,2025-12-01 12:55:14,9,2,1,12,50353,"0,5139548849","0,2263045694"
587ee2aeb807da0011e33d52,2025-12-01 12:55:31,3,0,0,10,64112,"0,411653412","0,04403273142"
587ee2aeb807da0011e33d52,2025-12-01 12:55:48,7,0,0,13,56295,"0,4211957056","0,1475881466"
587ee2aeb807da0011e33d52,2025-12-01 12:56:05,4,1,1,20,17615,"0,4694710666","0,66"
587ee2aeb807da0011e33d52,2025-12-01 12:56:22,4,1,1,8,48764,"0,3745823967","0,2473547874"
587ee2aeb807da0011e33d52,2025-12-01 12:56:39,4,0,0,13,62440,"0,5049179035","0,06618248889"
587ee2aeb807da0011e33d52,2025-12-01 12:56:56,3,0,1,3,63722,"0,3738462563","0,04919924184"
587ee2aeb807da0011e33d52,2025-12-01 12:57:13,3,0,0,2,64923,"0,2961291669","0,03328903925"
587ee2aeb807da0011e33d52,2025-12-01 12:57:30,2,0,1,16,59820,"0,3733759864","0,1008908409"
587ee2aeb807da0011e33d52,2025-12-01 12:57:47,2,0,0,8,60884,"0,1727334123","0,0867955407"
587ee2aeb807da0011e33d52,2025-12-01 13:22:48,3,1,0,11,53961,"0,4182817659","0,2903710938"
587ee2aeb807da0011e33d52,2025-12-01 13:23:07,3,0,0,5,61184,"0,5087596837","0,149296875"
587ee2aeb807da0011e33d52,2025-12-01 13:23:24,3,0,0,5,59491,"0,5697629788","0,1823632813"
587ee2aeb807da0011e33d52,2025-12-01 13:23:42,4,0,0,16,46638,"0,5356585222","0,4333984375"
587ee2aeb807da0011e33d52,2025-12-01 13:23:59,5,0,1,4,57946,"0,3949305714","0,2125390625"
587ee2aeb807da0011e33d52,2025-12-01 13:24:16,3,0,0,6,62152,"0,3188319595","0,130390625"
587ee2aeb807da0011e33d52,2025-12-01 13:24:33,4,0,1,7,60013,"0,3338441818","0,1721679688"
587ee2aeb807da0011e33d52,2025-12-01 13:31:11,5,1,3,10,39269,"0,4607502835","0,5773242188"
587ee2aeb807da0011e33d52,2025-12-01 13:31:31,3,0,0,5,58065,"0,2259202397","0,2102148438"
587ee2aeb807da0011e33d52,2025-12-01 13:31:48,0,0,1,19,58511,"0,4187541858","0,2015039063"
587ee2aeb807da0011e33d52,2025-12-01 13:32:06,5,0,1,5,55204,"0,5222160804","0,26609375"
587ee2aeb807da0011e33d52,2025-12-01 13:32:23,6,0,1,28,34012,"0,4047030488","0,68"
587ee2aeb807da0011e33d52,2025-12-01 13:32:40,9,0,0,10,49938,"0,485549543","0,3689453125"
587ee2aeb807da0011e33d52,2025-12-01 13:32:57,1,0,0,6,66780,"0,2267944665","0,04"
587ee2aeb807da0011e33d52,2025-12-01 13:33:14,2,0,0,9,59370,"0,3583550895","0,1847265625"
587ee2aeb807da0011e33d52,2025-12-01 13:36:44,4,0,0,15,60528,"0,1915336086","0,162109375"
587ee2aeb807da0011e33d52,2025-12-01 13:37:03,5,0,0,3,60697,"0,3837048442","0,1588085938"
587ee2aeb807da0011e33d52,2025-12-01 13:37:20,3,0,0,19,39368,"0,4623860063","0,575390625"
587ee2aeb807da0011e33d52,2025-12-01 13:37:38,10,0,0,7,50193,"0,4327537302","0,3639648438"
587ee2aeb807da0011e33d52,2025-12-01 13:37:55,8,0,2,15,57066,"0,4594124299","0,2297265625"
587ee2aeb807da0011e33d52,2025-12-01 14:39:05,0,0,0,16,63863,"0,3937888568","0,0426949755"
587ee2aeb807da0011e33d52,2025-12-01 14:39:24,1,0,1,16,56653,"0,4473490112","0,1194607544"
587ee2aeb807da0011e33d52,2025-12-01 14:39:42,6,0,0,2,59862,"0,3671515712","0,08529412686"
587ee2aeb807da0011e33d52,2025-12-01 14:39:59,5,0,1,16,54870,"0,5203573965","0,1384445801"
587ee2aeb807da0011e33d52,2025-12-01 14:40:16,8,0,0,16,46035,"0,3010712235","0,2325119389"
587ee2aeb807da0011e33d52,2025-12-01 14:40:33,2,0,0,16,60230,"0,249841888","0,08137598447"
587ee2aeb807da0011e33d52,2025-12-01 14:40:51,6,0,1,9,52748,"0,3843025996","0,1610377816"
587ee2aeb807da0011e33d52,2025-12-01 14:41:08,5,0,0,25,44721,"0,4993243112","0,2465022625"
587ee2aeb807da0011e33d52,2025-12-01 14:41:26,6,1,1,14,28574,"0,4933918711","0,418421407"
587ee2aeb807da0011e33d52,2025-12-01 14:41:43,6,0,2,13,45277,"0,4051648863","0,2405824604"
587ee2aeb807da0011e33d52,2025-12-01 14:42:00,5,0,1,3,58666,"0,3899230577","0,09802808962"
587ee2aeb807da0011e33d52,2025-12-01 14:42:17,5,0,1,6,62486,"0,468681157","0,05735606808"
587ee2aeb807da0011e33d52,2025-12-01 14:42:34,9,0,1,11,37355,"0,4044032284","0,3249289931"
587ee2aeb807da0011e33d52,2025-12-01 14:42:51,10,0,2,2,50060,"0,385070298","0,1896572565"
587ee2aeb807da0011e33d52,2025-12-01 14:43:08,2,0,0,12,52816,"0,2670261441","0,1603137771"
587ee2aeb807da0011e33d52,2025-12-01 14:43:25,8,0,0,4,59538,"0,5471647971","0,0887437957"
587ee2aeb807da0011e33d52,2025-12-01 14:43:42,3,0,1,11,49368,"0,3829214771","0,1970250677"
587ee2aeb807da0011e33d52,2025-12-01 14:43:59,2,1,6,5,26894,"0,3152344113","0,4363085788"
587ee2aeb807da0011e33d52,2025-12-01 14:44:16,6,0,1,4,48716,"0,4545190148","0,2039669939"
587ee2aeb807da0011e33d52,2025-12-01 14:44:35,3,0,0,11,60964,"0,3689706341","0,07356099394"
587ee2aeb807da0011e33d52,2025-12-01 14:44:52,7,0,0,12,46624,"0,50431427","0,2262407816"
587ee2aeb807da0011e33d52,2025-12-01 14:45:11,7,0,1,8,34851,"0,3986790468","0,3515893967"
587ee2aeb807da0011e33d52,2025-12-01 14:45:29,0,1,1,10,64279,"0,3439806773","0,03826577106"
587ee2aeb807da0011e33d52,2025-12-01 14:45:46,1,0,1,10,60177,"0,4506944033","0,08194028215"
587ee2aeb807da0011e33d52,2025-12-01 14:46:04,5,0,0,19,40912,"0,5083504858","0,2870571657"
587ee2aeb807da0011e33d52,2025-12-01 14:46:22,6,1,2,11,46178,"0,4573354311","0,2309893998"
587ee2aeb807da0011e33d52,2025-12-01 14:46:39,5,1,0,19,40915,"0,4603839509","0,2870252243"
587ee2aeb807da0011e33d52,2025-12-01 14:46:56,1,0,0,13,64017,"0,1884809665","0,04105531808"
587ee2aeb807da0011e33d52,2025-12-01 14:47:14,7,0,0,4,56444,"0,2749903941","0,1216860037"
587ee2aeb807da0011e33d52,2025-12-01 14:47:31,4,0,2,15,35830,"0,3993961648","0,3411658603"
587ee2aeb807da0011e33d52,2025-12-01 14:47:48,7,0,0,21,31272,"0,3906394894","0,3896954609"
587ee2aeb807da0011e33d52,2025-12-01 14:48:05,4,0,0,18,55789,"0,4540396037","0,1286598713"
587ee2aeb807da0011e33d52,2025-12-01 14:48:22,4,0,1,5,59820,"0,3544812922","0,08574130615"
587ee2aeb807da0011e33d52,2025-12-01 14:48:39,3,0,2,9,51634,"0,5268699974","0,1728986801"
587ee2aeb807da0011e33d52,2025-12-01 14:48:57,6,0,1,9,4006,"0,3798512049","0,68"
587ee2aeb807da0011e33d52,2025-12-01 14:49:14,4,1,0,15,40534,"0,5341329485","0,2910817793"
587ee2aeb807da0011e33d52,2025-12-01 14:49:31,5,0,0,6,52594,"0,4846885431","0,1626774391"
587ee2aeb807da0011e33d52,2025-12-01 14:49:48,4,0,0,9,60881,"0,484085042","0,0744447054"
587ee2aeb807da0011e33d52,2025-12-01 14:50:05,2,2,2,10,26056,"0,381760713","0,4452308704"
587ee2aeb807da0011e33d52,2025-12-01 14:50:22,6,1,1,10,31758,"0,4359044998","0,3845209576"
587ee2aeb807da0011e33d52,2025-12-01 14:50:39,3,0,0,8,64861,"0,2274563534","0,03206914369"
587ee2aeb807da0011e33d52,2025-12-01 14:50:56,0,0,0,2,67873,"0,0004831011357",0
587ee2aeb807da0011e33d52,2025-12-01 14:51:13,4,0,0,7,30077,"0,2774902695","0,4024187765"
587ee2aeb807da0011e33d52,2025-12-01 14:51:30,4,0,1,6,33276,"0,3281950488","0,3683586203"
587ee2aeb807da0011e33d52,2025-12-01 14:51:47,2,0,0,7,62901,"0,2562426048","0,05293751076"
587ee2aeb807da0011e33d52,2025-12-01 14:52:05,4,0,0,3,61179,"0,4116523601","0,07127186184"
587ee2aeb807da0011e33d52,2025-12-01 14:52:22,4,0,1,19,31644,"0,4545064551","0,38573473"
587ee2aeb807da0011e33d52,2025-12-01 14:52:39,5,0,2,16,22437,"0,4575109509","0,4837628196"
587ee2aeb807da0011e33d52,2025-12-01 14:52:56,2,0,0,12,61925,"0,1780718761","0,0633291058"
587ee2aeb807da0011e33d52,2025-12-01 14:53:14,4,1,0,3,57480,"0,4160865592","0,1106555811"
587ee2aeb807da0011e33d52,2025-12-01 14:53:31,3,0,0,3,63590,"0,2883101503","0,04560164091"
587ee2aeb807da0011e33d52,2025-12-01 14:54:20,2,0,1,15,58257,"0,3207426733","0,1023827642"
587ee2aeb807da0011e33d52,2025-12-01 14:54:50,2,0,0,20,65143,"0,5386278135","0,02906665414"
587ee2aeb807da0011e33d52,2025-12-01 14:55:10,5,0,1,15,46731,"0,5196680738","0,2251015391"
587ee2aeb807da0011e33d52,2025-12-01 14:55:36,4,0,0,14,57408,"0,2915396736","0,1114221742"
587ee2aeb807da0011e33d52,2025-12-01 14:55:54,5,0,0,12,61079,"0,3278372588","0,07233657444"
587ee2aeb807da0011e33d52,2025-12-01 14:58:39,8,0,0,10,31631,"0,3209882913","0,3858731426"
587ee2aeb807da0011e33d52,2025-12-01 14:59:05,5,0,2,13,34454,"0,2417894881","0,3558163058"
587ee2aeb807da0011e33d52,2025-12-01 14:59:23,6,0,0,3,59941,"0,4903989758","0,0844530039"
587ee2aeb807da0011e33d52,2025-12-01 14:59:41,3,0,1,2,60117,"0,2456823633","0,08257910971"
587ee2aeb807da0011e33d52,2025-12-01 14:59:59,6,0,2,13,25954,"0,4445314849","0,4463168773"
587ee2aeb807da0011e33d52,2025-12-01 15:00:20,8,0,1,7,41768,"0,3712837688","0,3668112888"
587ee2aeb807da0011e33d52,2025-12-01 15:01:13,2,0,1,15,34152,"0,3424932808","0,4499758536"
587ee2aeb807da0011e33d52,2025-12-01 15:01:32,6,0,0,3,58703,"0,3211204452","0,1818858813"
587ee2aeb807da0011e33d52,2025-12-01 15:01:50,1,0,1,5,63476,"0,4382566796","0,129766072"
587ee2aeb807da0011e33d52,2025-12-01 15:02:11,4,0,1,5,63378,"0,4180868028","0,1308362042"
587ee2aeb807da0011e33d52,2025-12-01 15:02:36,2,0,2,11,42941,"0,320470151","0,3540024608"
587ee2aeb807da0011e33d52,2025-12-01 15:03:12,3,0,0,10,63114,"0,3435451662","0,1337190095"
587ee2aeb807da0011e33d52,2025-12-01 15:03:34,2,0,1,17,32652,"0,4870242527","0,4663554291"
587ee2aeb807da0011e33d52,2025-12-01 15:03:53,6,0,0,14,37165,"0,3541754751","0,4170747462"
587ee2aeb807da0011e33d52,2025-12-01 15:04:16,0,0,0,9,69865,"0,05015438063","0,06"
587ee2aeb807da0011e33d52,2025-12-01 15:04:35,1,0,0,5,65451,"0,4153588813","0,1081996309"
587ee2aeb807da0011e33d52,2025-12-01 15:04:55,3,0,0,10,39296,"0,3014195005","0,3938048293"
587ee2aeb807da0011e33d52,2025-12-01 15:05:13,1,1,1,5,64837,"0,4753649993","0,1149043371"
587ee2aeb807da0011e33d52,2025-12-01 15:05:33,2,0,0,5,68150,"0,1958261189","0,07872731467"
587ee2aeb807da0011e33d52,2025-12-01 15:05:52,1,0,0,8,64994,"0,2088635021","0,1131899416"
587ee2aeb807da0011e33d52,2025-12-01 15:06:10,1,0,1,14,53746,"0,4516597126","0,2360149185"
587ee2aeb807da0011e33d52,2025-12-01 15:07:17,2,0,0,15,60330,"0,3957112526","0,1641195017"
587ee2aeb807da0011e33d52,2025-12-01 15:07:39,8,0,2,9,55250,"0,384959775","0,2195916641"
587ee2aeb807da0011e33d52,2025-12-01 15:07:58,6,1,0,5,56460,"0,5176030192","0,2063788065"
587ee2aeb807da0011e33d52,2025-12-01 15:08:48,5,0,0,12,48882,"0,3253748705","0,289128422"
587ee2aeb807da0011e33d52,2025-12-01 15:12:09,2,0,0,4,62034,"0,1475072759","0,1455123039"
587ee2aeb807da0011e33d52,2025-12-01 15:12:31,3,0,0,18,34203,"0,2651921121","0,449418948"
587ee2aeb807da0011e33d52,2025-12-01 15:13:17,3,0,0,11,59763,"0,438139358","0,1703109812"
587ee2aeb807da0011e33d52,2025-12-01 15:14:36,2,0,1,6,53736,"0,3462173888","0,2361241157"
587ee2aeb807da0011e33d52,2025-12-01 15:14:55,1,0,1,14,58844,"0,3710762894","0,1803462012"
587ee2aeb807da0011e33d52,2025-12-01 15:15:12,5,1,0,17,47529,"0,3923247724","0,3039027991"
587ee2aeb807da0011e33d52,2025-12-01 15:15:29,3,0,1,12,47394,"0,4490976739","0,3053769609"
587ee2aeb807da0011e33d52,2025-12-01 15:15:47,4,0,0,1,62730,"0,09065010953","0,1379121809"
587ee2aeb807da0011e33d52,2025-12-01 15:16:04,1,0,0,16,62370,"0,2351561698","0,141843279"
587ee2aeb807da0011e33d52,2025-12-01 15:16:21,10,0,0,20,31951,"0,5382364766","0,4740101507"
587ee2aeb807da0011e33d52,2025-12-01 15:16:38,7,0,0,2,59472,"0,2450929158","0,1734886189"
587ee2aeb807da0011e33d52,2025-12-01 15:16:55,1,0,0,12,67571,"0,3592589231","0,08504983082"
587ee2aeb807da0011e33d52,2025-12-01 15:17:12,3,0,0,4,60806,"0,4230710525","0,1589217164"
587ee2aeb807da0011e33d52,2025-12-01 15:17:31,4,0,1,2,63559,"0,3777437973","0,1288597355"
587ee2aeb807da0011e33d52,2025-12-01 15:17:49,1,0,0,8,59209,"0,2229825128","0,1763605045"
587ee2aeb807da0011e33d52,2025-12-01 15:18:06,1,0,0,4,67767,"0,1165174649","0,08290956629"
587ee2aeb807da0011e33d52,2025-12-01 15:18:23,5,0,0,9,59213,"0,3244579278","0,1763168256"
587ee2aeb807da0011e33d52,2025-12-01 15:18:41,4,0,0,13,50684,"0,4558392183","0,269451092"
587ee2aeb807da0011e33d52,2025-12-01 15:18:58,8,0,0,6,42018,"0,544544012","0,3640813596"
587ee2aeb807da0011e33d52,2025-12-01 15:19:16,1,0,0,6,66318,"0,285814743","0,09873223624"
587ee2aeb807da0011e33d52,2025-12-01 15:19:33,4,0,1,8,56032,"0,397386846","0,2110524454"
587ee2aeb807da0011e33d52,2025-12-01 15:19:50,3,1,3,9,4845,"0,4990053521","0,88"
587ee2aeb807da0011e33d52,2025-12-01 15:20:07,6,1,0,7,49569,"0,4376888026","0,2816265764"
587ee2aeb807da0011e33d52,2025-12-01 15:20:24,4,1,3,12,31048,"0,2079703082","0,4838706552"
587ee2aeb807da0011e33d52,2025-12-01 15:20:41,5,0,0,10,55133,"0,4253320647","0,220869271"